,City,Cloudiness,Country,Date,Humidity,Lat,Lng,Max Temp,Wind Speed
0,chuy,16,UY,1611433610,65,-33.6971,-53.4616,300.03,5.78
1,new norfolk,1,AU,1611433313,75,-42.7826,147.0587,287.59,1.1
2,tual,100,ID,1611433610,76,-5.6667,132.75,301.83,5.33
3,punta cardon,95,VE,1611433610,69,11.6581,-70.215,300.64,11.83
4,bonavista,92,CA,1611433610,93,48.6499,-53.1147,269.82,3.6
5,dzhuryn,100,UA,1611433611,89,49.0329,25.5839,277.59,3.4
6,sao joao da barra,20,BR,1611433611,54,-21.6403,-41.0511,302.15,7.2
7,rikitea,0,PF,1611433335,67,-23.1203,-134.9692,299.17,4.61
8,gaziantep,0,TR,1611433612,80,37.0594,37.3825,273.15,1.54
9,kapaa,90,US,1611433612,94,22.0752,-159.319,295.37,9.26
10,tiznit,100,MA,1611433612,82,29.5833,-9.5,287.77,0.77
11,ivanteyevka,90,RU,1611433612,100,55.9711,37.9208,275.15,3.0
12,longyearbyen,0,SJ,1611433613,72,78.2186,15.6401,260.15,5.14
13,saint-philippe,0,RE,1611433613,73,-21.3585,55.7679,299.15,2.57
14,deputatskiy,100,RU,1611433418,85,69.3,139.9,235.57,0.47
15,nago,75,JP,1611433503,77,26.5881,127.9761,292.15,9.77
16,hambantota,0,LK,1611433355,100,6.1241,81.1185,297.15,3.6
17,hobart,40,AU,1611433545,94,-42.8794,147.3294,287.59,2.57
18,ushuaia,75,AR,1611433614,36,-54.8,-68.3,291.15,8.75
19,mataura,96,NZ,1611433331,84,-46.1927,168.8643,285.93,3.58
20,aklavik,75,CA,1611433391,78,68.2191,-135.0107,255.15,3.09
21,port hardy,75,CA,1611433615,81,50.6996,-127.4199,277.15,3.09
22,avarua,46,CK,1611433477,70,-21.2078,-159.775,302.15,3.6
23,cabo san lucas,40,MX,1611433615,56,22.8909,-109.9124,296.15,5.14
24,filadelfia,40,US,1611433461,34,39.9523,-75.1638,274.26,11.32
25,muzhi,10,RU,1611433444,81,65.3667,64.6667,233.64,1.05
26,hermanus,100,ZA,1611433453,95,-34.4187,19.2345,289.82,0.89
27,vila velha,20,BR,1611433472,74,-20.3297,-40.2925,301.15,4.63
28,sola,84,VU,1611433477,80,-13.8833,167.55,300.72,5.14
29,sungaipenuh,100,ID,1611433479,83,-2.0833,101.3833,291.49,1.47
30,kpandae,24,GH,1611433617,13,8.4689,-0.0113,303.05,2.15
31,komsomolskiy,92,UZ,1611433617,54,40.4272,71.7189,269.15,2.06
32,hilo,90,US,1611433468,69,19.7297,-155.09,297.15,1.84
33,souillac,40,MU,1611433618,83,-20.5167,57.5167,299.15,1.03
34,port hedland,0,AU,1611433618,65,-20.3167,118.5667,301.15,5.66
35,pitimbu,75,BR,1611433546,69,-7.4706,-34.8086,301.15,7.2
36,punta arenas,0,CL,1611433618,47,-53.15,-70.9167,288.15,13.38
37,busselton,38,AU,1611433618,88,-33.65,115.3333,289.26,2.0
38,peniche,100,PT,1611433619,93,39.3558,-9.3811,288.15,8.94
39,methoni,61,GR,1611433619,82,36.8197,21.7049,288.15,6.17
40,iqaluit,20,CA,1611433489,85,63.7506,-68.5145,262.15,5.66
41,dikson,95,RU,1611433333,90,73.5069,80.5464,245.95,2.72
42,mount gambier,100,AU,1611433620,77,-37.8333,140.7667,291.15,2.57
43,troitsko-pechorsk,100,RU,1611433444,86,62.7084,56.1964,248.6,2.95
44,barrow,1,US,1611433620,78,71.2906,-156.7887,259.15,7.72
45,sao filipe,0,CV,1611433620,62,14.8961,-24.4956,297.3,5.33
46,cherskiy,100,RU,1611433620,86,68.75,161.3,242.21,2.04
47,rorvik,100,NO,1611433609,96,64.8621,11.2373,267.42,6.38
48,tromso,75,NO,1611433621,63,69.6496,18.957,266.15,1.54
49,santa cruz,75,BO,1611433621,78,-17.8,-63.1667,299.15,2.57
50,chulman,59,RU,1611433447,81,56.8479,124.9104,234.83,1.37
51,sobolevo,100,RU,1611433623,97,54.4299,31.8996,273.51,4.53
52,tiksi,35,RU,1611433443,79,71.6872,128.8694,231.99,2.37
53,kalmunai,8,LK,1611433623,80,7.4167,81.8167,297.23,3.27
54,saskylakh,84,RU,1611433480,82,71.9167,114.0833,238.36,2.65
55,constitucion,15,CL,1611433476,70,-35.3333,-72.4167,292.72,3.08
56,esperance,90,AU,1611433624,94,-33.8667,121.9,290.15,3.09
57,corn island,2,NI,1611433624,78,12.1694,-83.0418,300.15,7.98
58,ewa beach,40,US,1611433624,65,21.3156,-158.0072,299.15,3.09
59,marabba,33,SD,1611433624,24,12.35,32.1833,297.94,4.82
60,elk point,90,US,1611433625,54,42.6833,-96.6836,271.15,6.17
61,oskarshamn,100,SE,1611433433,95,57.2645,16.4484,273.15,1.17
62,khrebtovaya,100,RU,1611433625,91,56.7032,104.2494,249.12,1.39
63,vylkove,100,UA,1611433626,83,45.4021,29.586,282.65,7.92
64,bo rai,36,TH,1611433627,87,12.5728,102.5371,295.1,0.58
65,tomatlan,0,MX,1611433627,26,19.9333,-105.25,306.95,3.46
66,taoudenni,0,ML,1611433627,19,22.6783,-3.9836,293.6,4.44
67,upernavik,100,GL,1611433535,82,72.7868,-56.1549,266.98,3.25
68,hasaki,75,JP,1611433456,100,35.7333,140.8333,277.15,8.75
69,arlit,0,NE,1611433513,21,18.7369,7.3853,292.03,4.84
70,bluff,91,NZ,1611433628,84,-46.6,168.3333,285.93,3.58
71,egvekinot,0,RU,1611433628,89,66.3167,-179.1667,247.01,0.47
72,mount isa,98,AU,1611433628,78,-20.7333,139.5,297.15,2.06
73,maceio,75,BR,1611433628,69,-9.6658,-35.7353,300.15,5.66
74,leh,100,IN,1611433629,81,34.1667,77.5833,262.94,2.39
75,siuna,23,NI,1611433629,49,13.7332,-84.7773,303.57,3.1
76,aswan,0,EG,1611433629,30,24.0934,32.907,289.2,4.7
77,shache,3,CN,1611433629,65,38.4167,77.2406,268.61,2.27
78,lebu,10,CL,1611433629,76,-37.6167,-73.65,291.65,7.95
79,tuatapere,99,NZ,1611433478,84,-46.1333,167.6833,285.93,3.58
80,marawi,100,PH,1611433630,93,7.9986,124.2928,296.48,2.24
81,tasiilaq,48,GL,1611433346,57,65.6145,-37.6368,263.15,2.06
82,puerto ayora,40,EC,1611433630,74,-0.7393,-90.3518,301.15,5.14
83,jamestown,90,US,1611433630,73,42.097,-79.2353,267.59,7.2
84,atuona,1,PF,1611433348,79,-9.8,-139.0333,298.78,7.93
85,bathsheba,20,BB,1611433631,61,13.2167,-59.5167,301.15,6.69
86,fortuna,1,US,1611433631,66,40.5982,-124.1573,284.26,4.63
87,albany,3,US,1611433631,42,42.6001,-73.9662,268.15,3.13
88,caravelas,97,BR,1611433632,81,-17.7125,-39.2481,298.05,2.95
89,buchanan,20,LR,1611433632,94,5.8808,-10.0467,299.15,3.72
90,arraial do cabo,0,BR,1611433333,74,-22.9661,-42.0278,303.15,7.72
91,naze,20,JP,1611433633,89,28.3667,129.4833,290.08,5.43
92,butaritari,94,KI,1611433347,80,3.0707,172.7902,299.64,5.18
93,cuamba,100,MZ,1611433633,95,-14.8031,36.5372,293.73,1.33
94,katobu,100,ID,1611433633,90,-4.9408,122.5276,297.42,0.3
95,tuktoyaktuk,1,CA,1611433633,76,69.4541,-133.0374,244.15,8.23
96,chicama,40,PE,1611433634,83,-7.8447,-79.1469,296.15,4.12
97,port alfred,92,ZA,1611433466,94,-33.5906,26.891,293.71,2.24
98,saldanha,100,ZA,1611433466,72,-33.0117,17.9442,292.15,6.69
99,mahibadhoo,92,MV,1611433634,64,3.7833,72.9667,301.61,2.91
100,khatanga,100,RU,1611433634,85,71.9667,102.5,240.38,4.89
101,inhambane,75,MZ,1611433635,89,-23.865,35.3833,301.15,6.17
102,carnarvon,75,AU,1611433478,64,-24.8667,113.6333,296.15,6.17
103,ulladulla,3,AU,1611433582,100,-35.35,150.4667,295.37,2.57
104,buraydah,40,SA,1611433636,37,26.326,43.975,284.15,3.09
105,golden,75,US,1611433636,39,39.7555,-105.2211,282.59,2.57
106,isangel,100,VU,1611433477,88,-19.55,169.2667,298.41,3.1
107,vao,100,NC,1611433637,81,-22.6667,167.4833,297.8,11.88
108,bengkulu,95,ID,1611433638,81,-3.8004,102.2655,297.92,2.19
109,ucluelet,75,CA,1611433639,81,48.9329,-125.5528,279.26,2.06
110,kuruman,58,ZA,1611433639,27,-27.4524,23.4325,301.72,2.04
111,hualmay,38,PE,1611433639,63,-11.0964,-77.6139,297.98,4.27
112,vaini,75,TO,1611433639,89,-21.2,-175.2,300.15,3.54
113,atar,96,MR,1611433639,18,20.5169,-13.0499,294.42,4.37
114,cape town,75,ZA,1611433582,82,-33.9258,18.4232,293.15,5.14
115,norman wells,40,CA,1611433466,76,65.282,-126.8329,245.15,3.6
116,hervey bay,78,AU,1611433640,88,-25.2986,152.8535,295.37,3.6
117,coquimbo,20,CL,1611433640,68,-29.9533,-71.3436,294.15,5.66
118,sabzevar,72,IR,1611433452,73,36.2126,57.6819,272.92,2.27
119,havoysund,90,NO,1611433432,79,70.9963,24.6622,263.15,8.23
120,flin flon,75,CA,1611433641,64,54.7682,-101.865,251.15,4.63
121,bambous virieux,40,MU,1611433641,83,-20.3428,57.7575,299.26,1.03
122,medea,20,DZ,1611433462,62,36.2642,2.7539,287.15,6.17
123,kavaratti,73,IN,1611433454,73,10.5669,72.642,300.4,4.43
124,thompson,90,CA,1611433466,70,55.7435,-97.8558,250.15,4.63
125,torbay,90,CA,1611433642,93,47.6666,-52.7314,269.26,7.2
126,shu,100,KZ,1611433643,54,43.5983,73.7614,265.93,2.68
127,williston,64,US,1611433643,69,48.147,-103.618,268.71,1.79
128,necochea,0,AR,1611433643,40,-38.5473,-58.7368,303.59,6.47
129,east london,63,ZA,1611433643,77,-33.0153,27.9116,297.52,10.46
130,kavieng,100,PG,1611433644,78,-2.5744,150.7967,300.42,2.69
131,rio grande,40,BR,1611433644,65,-32.035,-52.0986,302.15,5.14
132,kodiak,1,US,1611433644,52,57.79,-152.4072,278.15,5.14
133,kyaikto,0,MM,1611433644,65,17.3,97.0167,292.56,0.72
134,korla,100,CN,1611433458,91,41.7597,86.1469,269.95,3.79
135,sorland,79,NO,1611433645,91,67.667,12.6934,270.05,6.55
136,tinskoy,100,RU,1611433645,93,56.1525,96.9161,256.27,1.69
137,katsuura,75,JP,1611433646,87,35.1333,140.3,277.15,10.29
138,nikolskoye,90,RU,1611433409,86,59.7035,30.7861,274.15,3.0
139,flinders,0,AU,1611433646,90,-34.5833,150.8552,295.93,0.45
140,belmonte,75,BR,1611433388,78,-15.8631,-38.8828,301.15,2.57
141,shar,100,KZ,1611433647,94,49.5886,81.0453,258.59,2.68
142,mao,0,ES,1611433647,67,39.8885,4.2658,286.15,7.72
143,beringovskiy,0,RU,1611433445,88,63.05,179.3167,250.34,0.93
144,monticello,1,US,1611433647,73,45.3055,-93.7941,267.15,4.02
145,machiques,93,VE,1611433648,43,10.0644,-72.545,305.55,2.28
146,yellowknife,75,CA,1611433471,76,62.456,-114.3525,244.82,1.54
147,chokurdakh,91,RU,1611433648,83,70.6333,147.9167,234.7,2.71
148,ribeira grande,75,PT,1611433648,94,38.5167,-28.7,290.15,6.69
149,onalaska,40,US,1611433649,45,43.8844,-91.2351,267.15,4.63
150,san juan,0,AR,1611433649,11,-31.5375,-68.5364,311.03,4.08
151,san cristobal,40,VE,1611433401,54,7.7669,-72.225,303.15,5.14
152,maningrida,100,AU,1611433649,91,-12.0667,134.2667,297.67,4.04
153,coracora,75,PE,1611433649,58,-15.0333,-73.7833,287.87,4.9
154,shizunai,0,JP,1611433650,88,42.3339,142.3669,268.49,2.44
155,miraflores,90,MX,1611433650,27,19.2167,-98.8083,298.15,2.06
156,aksu,0,CN,1611433650,88,41.1231,80.2644,266.98,1.97
157,sawakin,90,SD,1611433650,79,19.1059,37.3321,297.51,4.26
158,karratha,0,AU,1611433651,49,-20.7377,116.8463,301.65,7.02
159,mar del plata,0,AR,1611433651,69,-38.0023,-57.5575,301.15,7.2
160,saint-leu,0,RE,1611433652,73,-21.15,55.2833,299.15,2.57
161,luderitz,100,NA,1611433598,50,-26.6481,15.1594,295.56,11.93
162,tongliao,0,CN,1611433449,91,43.6125,122.2653,262.1,2.91
163,cam ranh,20,VN,1611433652,78,11.9214,109.1591,295.15,2.57
164,kruisfontein,42,ZA,1611433466,77,-34.0033,24.7314,294.82,2.24
165,omboue,100,GA,1611433653,84,-1.5746,9.2618,298.71,1.98
166,kidal,1,ML,1611433653,18,18.4411,1.4078,293.26,4.81
167,montelimar,100,FR,1611433653,72,44.5584,4.7509,279.82,1.68
168,trelew,0,AR,1611433653,51,-43.249,-65.3051,295.47,10.27
169,urumqi,0,CN,1611433653,85,43.801,87.6005,261.15,1.0
170,pisco,0,PE,1611433438,57,-13.7,-76.2167,300.15,5.14
171,kutum,25,SD,1611433397,28,14.2,24.6667,289.14,3.09
172,cidreira,0,BR,1611433404,75,-30.1811,-50.2056,299.03,8.26
173,lima,0,PE,1611433205,65,-12.0432,-77.0282,299.15,4.63
174,lingao,0,CN,1611433654,85,19.9103,109.6859,291.45,3.99
175,nieuw amsterdam,40,SR,1611433655,70,5.8833,-55.0833,302.15,6.17
176,ipilan,82,PH,1611433655,80,8.8431,117.9033,298.57,1.51
177,omsukchan,100,RU,1611433655,81,62.5333,155.8,237.56,1.83
178,coahuayana,75,MX,1611433655,35,18.7333,-103.6833,304.15,2.92
179,olive branch,75,US,1611433656,24,34.9618,-89.8295,285.15,2.57
180,sonoita,88,MX,1611433656,62,31.85,-112.8333,287.25,8.82
181,jumla,0,NP,1611433657,65,29.2747,82.1838,274.26,2.64
182,hargeysa,59,SO,1611433658,90,9.56,44.065,287.41,5.22
183,hithadhoo,100,MV,1611433367,67,-0.6,73.0833,301.15,2.18
184,fort-shevchenko,94,KZ,1611433659,80,44.5086,50.263,278.41,7.57
185,mahebourg,40,MU,1611433463,83,-20.4081,57.7,299.15,1.03
186,ugoofaaru,99,MV,1611433661,69,5.6667,73.0,301.52,3.38
187,dingle,100,PH,1611433661,87,10.9995,122.6711,296.78,0.59
188,marsa matruh,0,EG,1611433463,71,31.3525,27.2453,284.15,1.54
189,alihe,100,CN,1611433663,90,50.5667,123.7167,257.08,1.15
190,chapais,75,CA,1611433406,78,49.7834,-74.8492,258.15,4.63
191,hirara,100,JP,1611433456,80,24.8,125.2833,292.38,12.87
192,porto novo,100,BJ,1611433663,61,6.4965,2.6036,300.15,2.06
193,shakawe,100,BW,1611433664,78,-18.3667,21.85,295.3,0.29
194,lasa,40,IT,1611433326,87,46.6166,10.7002,276.15,0.51
195,los llanos de aridane,75,ES,1611433665,77,28.6585,-17.9182,292.15,2.57
196,la ronge,94,CA,1611433471,70,55.1001,-105.2842,248.15,3.09
197,coihaique,0,CL,1611433666,22,-45.5752,-72.0662,293.15,5.14
198,laguna,40,US,1611433666,76,38.421,-121.4238,284.82,5.14
199,bara,94,NG,1611433666,20,10.3744,10.7288,296.78,3.37
200,gondanglegi,100,ID,1611433667,84,-7.7479,112.0132,297.32,0.44
201,sosnovo-ozerskoye,100,RU,1611433448,93,52.5249,111.5418,259.04,1.93
202,broome,90,US,1611433500,73,42.2506,-75.833,266.48,8.23
203,krasnoselkup,1,RU,1611433444,75,65.7,82.4667,232.27,3.19
204,rubbestadneset,1,NO,1611433668,88,59.8147,5.2681,275.93,2.68
205,juneau,90,US,1611433668,80,58.3019,-134.4197,274.15,5.14
206,petropavlovsk-kamchatskiy,47,RU,1611433669,65,53.0452,158.6483,253.15,4.0
207,phayao,0,TH,1611433669,66,19.25,100.25,289.58,0.67
208,qaanaaq,100,GL,1611433468,80,77.484,-69.3632,265.38,1.45
209,nizhneudinsk,100,RU,1611433669,92,54.9076,99.0276,257.31,1.22
210,digboi,80,IN,1611433595,72,27.3833,95.6333,288.38,0.96
211,amarpur,5,IN,1611433405,62,25.0333,86.9,286.91,1.45
212,amapa,100,BR,1611433670,92,1.0,-52.0,299.28,1.58
213,te anau,100,NZ,1611433670,86,-45.4167,167.7167,283.98,3.24
214,vryburg,10,ZA,1611433465,26,-26.9566,24.7284,300.12,3.0
215,constantine,40,DZ,1611433591,61,36.365,6.6147,282.15,4.12
216,kokopo,87,PG,1611433671,82,-4.352,152.2633,297.97,2.16
217,cockburn town,40,TC,1611433671,69,21.4612,-71.1419,300.15,3.09
218,frankfort,99,ZA,1611433465,34,-27.2667,28.4833,294.37,5.12
219,elat,0,IL,1611433671,32,29.5581,34.9482,285.15,4.12
220,magan,100,ES,1611433672,88,39.9683,-3.931,284.82,1.79
221,gejiu,0,CN,1611433672,100,23.306,103.1635,278.76,1.53
222,ndele,93,CF,1611433672,22,8.4109,20.6473,298.53,1.96
223,naryan-mar,100,RU,1611433672,87,67.6713,53.087,246.28,5.24
224,rexburg,1,US,1611433672,55,43.826,-111.7897,273.15,0.84
225,kargil,100,IN,1611433673,83,34.5667,76.1,257.06,1.19
226,pacific grove,1,US,1611433673,76,36.6177,-121.9166,284.82,3.09
227,bambanglipuro,86,ID,1611433673,81,-7.95,110.2833,298.21,1.38
228,provideniya,71,RU,1611433445,84,64.3833,-173.3,259.42,1.73
229,sestri levante,98,IT,1611433673,85,44.2732,9.3968,282.59,0.89
230,ullapool,100,GB,1611433674,16,57.8987,-5.1604,274.26,0.45
231,nome,90,US,1611433674,93,64.5011,-165.4064,273.15,0.29
232,shetpe,0,KZ,1611433529,97,44.1667,52.1167,273.02,4.14
233,juan lacaze,20,UY,1611433675,74,-34.4342,-57.4381,307.04,4.12
234,kaeo,12,NZ,1611433458,82,-35.1,173.7833,292.04,2.68
235,san patricio,90,US,1611433675,88,28.017,-97.5169,294.15,6.69
236,bobo dioulasso,13,BF,1611433464,35,11.1771,-4.2979,295.15,2.57
237,pitea,90,SE,1611433676,92,65.3172,21.4794,261.15,5.14
238,waitati,51,NZ,1611433676,50,-45.75,170.5667,287.23,2.53
239,mastic beach,13,US,1611433676,40,40.7668,-72.8521,273.71,2.68
240,comodoro rivadavia,20,AR,1611433677,42,-45.8667,-67.5,292.15,7.2
241,ternate,100,ID,1611433677,83,0.8,127.4,299.15,3.14
242,maine-soroa,34,NE,1611433463,22,13.2114,12.0241,292.7,3.35
243,chimore,93,BO,1611433677,94,-16.9833,-65.1333,296.73,2.11
244,krutinka,8,RU,1611433677,82,56.0055,71.5113,235.0,2.43
245,portland,20,US,1611433556,65,45.5234,-122.6762,280.37,1.54
246,bredasdorp,100,ZA,1611433678,94,-34.5322,20.0403,290.15,4.12
247,charlestown,0,AU,1611433678,67,-32.95,151.6667,295.93,2.42
248,castro,100,BR,1611433491,83,-24.7911,-50.0119,295.39,1.3
249,alofi,75,NU,1611433679,74,-19.0595,-169.9187,302.15,2.57
250,vazhiny,100,RU,1611433679,95,60.9644,34.0222,274.25,2.93
251,sur,0,OM,1611433453,55,22.5667,59.5289,292.18,5.47
252,broken hill,100,AU,1611433478,18,-31.95,141.4333,304.15,5.14
253,kontagora,0,NG,1611433595,18,10.3999,5.4695,298.48,2.32
254,santona,75,ES,1611433680,87,43.4439,-3.4576,285.15,4.12
255,dapdap,77,PH,1611433680,83,12.062,125.4881,299.06,1.51
256,goderich,100,CA,1611433467,86,43.7501,-81.7165,267.15,2.57
257,salmo,0,CA,1611433680,46,49.1999,-117.2689,271.15,0.51
258,solnechnyy,98,RU,1611433681,89,50.7214,136.6319,255.11,0.37
259,clyde river,90,CA,1611433681,84,70.4692,-68.5914,250.15,3.09
260,victoria,0,HK,1611433593,87,22.2855,114.1577,292.04,3.61
261,ankpa,100,NG,1611433681,20,7.3706,7.6253,298.41,0.93
262,ahipara,31,NZ,1611433585,71,-35.1667,173.1667,292.31,4.1
263,bontang,100,ID,1611433682,87,0.1333,117.5,298.12,2.59
264,aykhal,62,RU,1611433682,79,66.0,111.5,234.12,1.49
265,gizo,100,SB,1611433682,74,-8.103,156.8419,300.59,3.23
266,hwange,100,ZW,1611433682,87,-18.3693,26.5019,294.57,0.34
267,malanje,99,AO,1611433682,97,-9.5402,16.341,291.45,1.97
268,iseyin,100,NG,1611433683,16,7.9667,3.6,300.82,1.26
269,severo-kurilsk,98,RU,1611433449,94,50.6789,156.125,268.04,14.23
270,keti bandar,0,PK,1611433683,27,24.1447,67.4497,290.93,3.43
271,santa maria,20,BR,1611433656,48,-29.6842,-53.8069,305.15,5.14
272,luwuk,100,ID,1611433479,70,-0.9516,122.7875,299.07,1.75
273,ous,92,RU,1611433684,84,60.9058,61.5186,239.46,1.73
274,tezu,72,IN,1611433685,49,27.9167,96.1667,289.66,1.37
275,niquero,1,CU,1611433685,65,20.0431,-77.5828,300.63,2.63
276,ahuimanu,90,US,1611433685,75,21.4447,-157.8378,299.15,5.66
277,alagir,0,RU,1611433685,93,43.0422,44.2222,267.15,2.0
278,shibata,100,JP,1611433497,94,37.95,139.3333,274.26,3.4
279,emerald,0,AU,1611433686,88,-23.5333,148.1667,293.15,2.57
280,nabannagan,100,PH,1611433686,96,18.0715,121.5338,295.66,1.15
281,ust-kuyga,83,RU,1611433686,77,70.0167,135.6,230.58,0.42
282,bellefontaine,1,US,1611433686,50,40.3612,-83.7597,272.59,1.03
283,aleksandrovka,75,UA,1611433687,87,46.8383,32.7612,281.15,6.0
284,klaksvik,75,FO,1611433624,86,62.2266,-6.589,273.15,6.47
285,vorontsovka,100,RU,1611433688,96,50.6132,40.3549,274.54,5.19
286,valleyview,100,CA,1611433688,78,55.0667,-117.2859,258.15,2.57
287,cervantes,0,AR,1611433688,22,-39.05,-67.3833,313.15,1.54
288,wajima,100,JP,1611433689,83,37.4,136.9,280.45,7.87
289,pevek,100,RU,1611433633,90,69.7008,170.3133,249.23,4.35
290,mirador,44,BR,1611433690,68,-6.3708,-44.3631,301.95,1.8
291,virginia beach,20,US,1611433591,33,36.8529,-75.978,278.15,8.75
292,lasem,100,ID,1611433690,86,-6.6922,111.4527,298.39,1.4
293,aitape,90,PG,1611433691,79,-3.1374,142.3475,299.0,1.76
294,merauke,66,ID,1611433480,88,-8.4667,140.3333,298.65,3.44
295,kloulklubed,75,PW,1611433691,89,7.0419,134.2556,299.15,3.09
296,anloga,100,GH,1611433646,78,5.7947,0.8973,301.15,2.06
297,mezica,100,SI,1611433692,97,46.5214,14.8544,278.71,0.89
298,luino,75,IT,1611433692,86,46.0019,8.7451,275.93,1.03
299,taksimo,97,RU,1611433692,83,56.3444,114.8794,248.29,0.24
300,figeac,100,FR,1611433692,96,44.75,1.9167,277.59,0.89
301,tyazhinskiy,100,RU,1611433693,93,56.116,88.524,255.62,2.66
302,tsaratanana,27,MG,1611433693,77,-16.7833,47.65,297.06,1.89
303,port elizabeth,40,ZA,1611433589,88,-33.918,25.5701,293.15,8.23
304,abu kamal,0,SY,1611433693,55,34.4506,40.9171,280.05,1.45
305,whitehorse,90,CA,1611433522,85,60.7161,-135.0538,259.15,3.6
306,basco,53,PH,1611433694,79,20.4487,121.9702,296.45,11.47
307,maputo,75,MZ,1611433694,89,-25.9653,32.5892,301.15,3.6
308,tarbes,90,FR,1611433694,93,43.25,0.1667,279.15,2.06
309,hailey,1,US,1611433694,69,43.5196,-114.3153,272.04,5.14
310,sofikon,75,GR,1611433695,72,37.8,23.05,288.15,5.14
311,salekhard,12,RU,1611433444,82,66.53,66.6019,234.0,1.03
312,guavata,100,CO,1611433695,82,5.9543,-73.6998,292.92,1.17
313,matay,0,EG,1611433695,50,28.419,30.7792,283.96,3.45
314,mehamn,100,NO,1611433695,94,71.0357,27.8492,267.37,11.87
315,dunedin,68,NZ,1611433453,53,-45.8742,170.5036,287.14,3.04
316,kaitangata,91,NZ,1611433696,59,-46.2817,169.8464,287.16,5.56
317,sarahan,100,IN,1611433696,85,31.5167,77.8,274.68,0.92
318,san nicolas,98,PH,1611433696,82,18.1725,120.5953,297.66,4.43
319,borzya,99,RU,1611433696,88,50.3833,116.5167,258.31,0.38
320,simdega,0,IN,1611433697,38,22.6167,84.5167,287.0,1.45
321,saint-francois,90,FR,1611433697,87,46.4154,3.9054,277.15,3.6
322,ancud,0,CL,1611433697,63,-41.8697,-73.8203,292.15,4.12
323,humaita,90,BR,1611433697,74,-7.5061,-63.0208,301.41,1.37
324,lorengau,72,PG,1611433608,75,-2.0226,147.2712,299.99,1.63
325,shelburne,90,CA,1611433698,73,44.0787,-80.2041,265.15,4.63
326,katherine,90,AU,1611433478,89,-14.4667,132.2667,299.15,2.06
327,aksay,75,RU,1611433698,80,47.26,39.87,275.37,5.0
328,lubliniec,90,PL,1611433698,87,50.669,18.6844,276.48,2.57
329,mikuni,90,JP,1611433699,93,36.2171,136.1519,277.15,1.54
330,ilulissat,20,GL,1611433410,38,69.2167,-51.1,266.15,3.09
331,bilma,0,NE,1611433514,26,18.6853,12.9164,289.38,2.93
332,narsaq,1,GL,1611433699,33,60.9167,-46.05,270.15,10.29
333,cap malheureux,1,MU,1611433699,75,-19.9842,57.6142,299.26,0.89
334,auki,58,SB,1611433700,74,-8.7676,160.7034,298.04,1.87
335,ostrovnoy,100,RU,1611433443,93,68.0531,39.5131,258.66,8.34
336,ixtapa,1,MX,1611433700,73,20.7,-105.2,297.15,4.63
337,ilheus,40,BR,1611433701,74,-14.7889,-39.0494,301.15,3.6
338,georgetown,20,MY,1611433698,88,5.4112,100.3354,298.71,1.03
339,westport,1,US,1611433702,23,41.1415,-73.3579,274.15,9.77
340,magadan,0,RU,1611433445,78,59.5667,150.8,247.64,3.79
341,niny,0,RU,1611433702,96,44.4878,43.9489,272.5,1.87
342,bafoulabe,98,ML,1611433703,15,13.8065,-10.8321,299.56,2.91
343,nhulunbuy,99,AU,1611433478,94,-12.2333,136.7667,298.15,2.57
344,berea,40,US,1611433703,54,41.3662,-81.8543,270.37,4.12
345,axim,36,GH,1611433703,82,4.8699,-2.2405,299.44,3.8
346,kenai,90,US,1611433704,75,60.5544,-151.2583,275.93,9.77
347,yulara,40,AU,1611433594,94,-25.2406,130.9889,296.15,4.12
348,kremenki,100,RU,1611433704,100,54.885,37.1261,274.15,3.0
349,codrington,100,AU,1611433704,62,-38.2667,141.9667,291.41,3.16
350,benjamin constant,0,BR,1611433704,88,-4.3831,-70.0311,299.15,1.03
351,pauini,100,BR,1611433705,60,-7.7136,-66.9764,304.76,0.5
352,linguere,100,SN,1611433705,14,15.3953,-15.1193,299.32,4.09
353,opole,100,PL,1611433705,89,50.5,18.0,276.48,2.24
354,sangar,89,RU,1611433705,66,63.9242,127.4739,224.79,2.44
355,nouadhibou,2,MR,1611433706,50,20.931,-17.0347,297.15,3.09
356,pringsewu,100,ID,1611433559,92,-5.3582,104.9744,296.86,1.27
357,uray,0,RU,1611433706,83,60.1247,64.7758,235.64,1.13
358,svobodnyy,0,RU,1611433707,86,51.4,128.1333,247.0,4.66
359,ornskoldsvik,90,SE,1611433707,100,63.2909,18.7153,265.15,2.57
360,agadir,0,MA,1611433707,100,30.4202,-9.5982,286.15,1.54
361,shingu,100,JP,1611433707,91,33.7333,135.9833,285.16,6.51
362,sisimiut,9,GL,1611433435,81,66.9395,-53.6735,265.14,3.46
363,caninde,23,BR,1611433708,37,-4.3589,-39.3117,305.71,3.18
364,koster,89,ZA,1611433708,30,-25.863,26.8976,295.24,3.14
365,kabinda,100,CD,1611433708,92,-6.1333,24.4833,293.67,0.78
366,kununurra,100,AU,1611433708,100,-15.7667,128.7333,298.15,2.14
367,yaan,89,NG,1611433369,16,7.3833,8.5667,300.51,2.2
368,henties bay,100,NA,1611433709,86,-22.116,14.2845,294.82,1.77
369,slave lake,90,CA,1611433709,71,55.2834,-114.769,255.15,3.09
370,disna,100,BY,1611433445,97,55.568,28.1971,275.74,4.74
371,kemin,100,KG,1611433710,91,42.7846,75.6892,264.52,1.46
372,san quintin,83,MX,1611433710,59,30.4833,-115.95,288.24,4.6
373,hofn,100,IS,1611433660,83,64.2539,-15.2082,274.59,12.55
374,yerbogachen,79,RU,1611433711,75,61.2767,108.0108,226.8,0.83
375,misratah,0,LY,1611433436,70,32.3754,15.0925,289.03,5.89
376,shimoda,100,JP,1611433691,94,34.6667,138.95,275.93,2.24
377,presidencia roque saenz pena,67,AR,1611433476,44,-26.7852,-60.4388,308.71,1.34
378,tura,100,IN,1611433712,67,25.5198,90.2201,286.63,1.03
379,bethel,1,US,1611433712,26,41.3712,-73.414,271.48,7.2
380,kachug,100,RU,1611433713,88,53.9606,105.8817,254.18,1.31
381,kabalo,100,CD,1611433713,93,-6.05,26.9167,294.77,0.26
382,namibe,79,AO,1611433713,76,-15.1961,12.1522,297.0,2.51
383,verkhoyansk,100,RU,1611433714,76,67.5447,133.385,231.41,0.52
384,seymchan,100,RU,1611433445,83,62.8833,152.4333,239.14,1.11
385,khani,0,GE,1611433715,44,41.9563,42.9566,276.15,5.14
386,darlington,0,GB,1611433715,81,54.5243,-1.5504,271.48,2.88
387,spring valley,75,US,1611433472,40,36.108,-115.245,284.82,2.57
388,meulaboh,72,ID,1611433479,88,4.1363,96.1285,297.51,1.75
389,eldorado,100,BR,1611433716,79,-23.7869,-54.2836,300.23,1.28
390,nedryhayliv,100,UA,1611433716,97,50.834,33.8763,275.49,3.98
391,bangkalan,20,ID,1611433716,94,-7.0455,112.7351,299.15,2.57
392,puerto escondido,40,MX,1611433717,70,15.85,-97.0667,302.15,2.06
393,bintulu,20,MY,1611433717,100,3.1667,113.0333,298.15,2.87
394,osa,100,RU,1611433717,94,57.2829,55.4567,258.76,4.12
395,cajabamba,67,PE,1611433717,52,-7.6167,-78.05,292.35,2.12
396,mandera,53,KE,1611433719,21,3.9366,41.867,304.34,4.83
397,tungor,100,RU,1611433719,86,53.3808,142.9564,249.52,1.8
398,acapulco,75,MX,1611433719,70,16.8634,-99.8901,302.15,4.63
399,uddevalla,90,SE,1611433719,93,58.3478,11.9424,275.37,2.57
400,port lincoln,100,AU,1611433623,45,-34.7333,135.8667,297.4,2.65
401,antequera,75,ES,1611433720,72,37.0194,-4.5612,288.71,1.54
402,chokwe,100,MZ,1611433720,88,-24.5333,32.9833,298.35,3.98
403,brownfield,30,US,1611433720,79,33.1812,-102.2744,285.93,0.89
404,boende,95,CD,1611433720,66,-0.2167,20.8667,298.74,0.91
405,west helena,59,US,1611433721,37,34.5507,-90.6418,284.15,2.06
406,lavrentiya,100,RU,1611433721,88,65.5833,-171.0,255.26,1.94
407,paamiut,1,GL,1611433721,80,61.994,-49.6678,267.34,2.84
408,arman,0,RU,1611433721,79,59.7,150.1667,246.11,3.84
409,shenjiamen,6,CN,1611433722,86,29.9576,122.298,279.25,7.39
410,labrea,88,BR,1611433722,88,-7.2586,-64.7981,301.21,1.41
411,lufilufi,20,WS,1611433723,70,-13.8745,-171.5986,304.15,3.09
412,piracanjuba,91,BR,1611433723,59,-17.3028,-49.0167,301.19,2.29
413,margate,0,GB,1611433723,71,51.3813,1.3862,275.93,1.79
414,nanortalik,0,GL,1611433723,88,60.1432,-45.2371,268.39,3.21
415,cayenne,75,GF,1611433483,89,4.9333,-52.3333,299.15,3.09
416,altagracia de orituco,100,VE,1611433724,65,9.8601,-66.3814,300.38,3.36
417,itaperucu,75,BR,1611433724,83,-25.22,-49.3478,295.15,8.23
418,santa fe,45,AR,1611433724,37,-31.6333,-60.7,309.82,2.24
419,richards bay,0,ZA,1611433724,77,-28.783,32.0377,300.02,5.66
420,tateyama,75,JP,1611433456,87,34.9833,139.8667,277.15,10.29
421,srednekolymsk,100,RU,1611433725,84,67.45,153.6833,238.99,3.78
422,jiayuguan,100,CN,1611433479,82,39.8167,98.3,265.92,1.01
423,owatonna,75,US,1611433726,79,44.0839,-93.226,266.48,4.63
424,kastamonu,95,TR,1611433726,95,41.5,33.6667,272.69,0.95
425,sao felix do xingu,35,BR,1611433727,57,-6.6447,-51.995,304.49,2.08
426,vestmanna,75,FO,1611433675,86,62.1564,-7.1664,273.15,6.29
427,saint-augustin,100,CA,1611433727,99,51.226,-58.6502,272.95,4.15
428,fare,0,PF,1611433727,70,-16.7,-151.0167,300.38,5.82
429,porto velho,40,BR,1611433475,55,-8.7619,-63.9039,304.15,3.09
430,san luis,0,AR,1611433476,19,-33.295,-66.3356,308.19,4.99
431,airai,100,TL,1611433728,100,-8.9266,125.4092,289.41,0.91
432,verkhnyaya inta,0,RU,1611433728,75,65.9811,60.3094,243.73,3.18
433,puerto baquerizo moreno,75,EC,1611433506,79,-0.9,-89.6,302.15,6.69
434,avera,1,US,1611433728,36,33.194,-82.5271,288.15,2.57
435,yucca valley,28,US,1611433729,56,34.1142,-116.4322,282.04,1.79
436,tazovskiy,0,RU,1611433444,78,67.4667,78.7,232.13,1.65
437,kedrovyy,0,RU,1611433447,84,56.1667,91.8167,253.15,2.25
438,medianeira,40,BR,1611433729,62,-25.2953,-54.0939,303.15,1.54
439,pecos,1,US,1611433730,62,31.4229,-103.4932,287.15,1.33
440,lompoc,90,US,1611433462,81,34.6391,-120.4579,283.15,2.57
441,sandnessjoen,90,NO,1611433731,59,66.0217,12.6316,270.15,6.17
442,gat,0,IL,1611433606,47,31.61,34.7642,284.82,0.67
443,vardo,100,NO,1611433503,96,70.3705,31.1107,268.22,14.8
444,ponta do sol,100,PT,1611433731,78,32.6667,-17.1,289.26,0.89
445,itarema,43,BR,1611433731,68,-2.9248,-39.9167,301.41,6.82
446,el tigre,97,VE,1611433732,52,8.8875,-64.2454,302.67,6.06
447,masterton,100,NZ,1611433732,84,-40.9597,175.6575,292.04,1.79
448,qui nhon,76,VN,1611433732,90,13.7667,109.2333,293.05,2.61
449,farmington,90,US,1611433732,70,36.7281,-108.2187,280.37,3.23
450,ryki,86,PL,1611433733,50,51.6257,21.9327,278.71,4.27
451,miandoab,24,IR,1611433733,85,36.9694,46.1027,265.05,0.34
452,marondera,100,ZW,1611433733,97,-18.1853,31.5519,289.66,1.53
453,geraldton,75,AU,1611433560,73,-28.7667,114.6,294.15,3.6
454,baglung,4,NP,1611433734,62,28.2719,83.5898,282.82,1.94
455,oktyabrskoye,0,RU,1611433734,93,43.0645,44.7417,267.15,2.0
456,sitka,90,US,1611433734,93,57.0531,-135.33,276.15,2.96
457,burnie,0,AU,1611433734,71,-41.0667,145.9167,288.15,3.58
458,fremont,90,US,1611433735,66,37.5483,-121.9886,285.37,2.06
459,viedma,0,AR,1611433735,36,-40.8135,-62.9967,300.93,11.03
460,zhezkazgan,0,KZ,1611433735,88,47.8043,67.7144,250.48,0.55
461,sar-e pul,0,AF,1611433735,73,35.8333,66.1667,268.67,1.86
462,cururupu,99,BR,1611433735,72,-1.8283,-44.8683,301.22,3.02
463,cordeiropolis,40,BR,1611433736,48,-22.4819,-47.4567,303.15,3.09
464,ternuvate,75,UA,1611433736,93,47.8305,36.1276,278.71,3.0
465,camacha,40,PT,1611433736,94,33.0833,-16.3333,289.15,1.54
466,bama,48,NG,1611433736,23,11.5221,13.6856,293.01,3.71
467,kashmor,0,PK,1611433737,25,28.4333,69.5833,287.62,5.37
468,qorveh,21,IR,1611433737,86,35.1664,47.8045,267.26,1.18
469,tautira,20,PF,1611433512,65,-17.7333,-149.15,302.15,2.57
470,menomonie,90,US,1611433738,62,44.8755,-91.9193,267.15,3.6
471,ayagoz,100,KZ,1611433739,96,47.9714,80.4392,261.65,5.91
472,yar-sale,16,RU,1611433739,81,66.8333,70.8333,233.57,1.45
473,galveston,90,US,1611433739,88,29.3669,-94.9669,290.37,5.14
474,hamilton,1,US,1611433703,40,39.1834,-84.5333,274.26,2.06
475,labuhan,100,ID,1611433740,82,-6.8844,112.2051,298.83,2.22
476,poum,92,NC,1611433740,79,-20.2333,164.0167,299.51,5.9
477,shahr-e babak,0,IR,1611433741,72,30.1165,55.1186,273.91,0.35
478,bubaque,15,GW,1611433741,58,11.2833,-15.8333,298.91,5.09
479,havelock,1,US,1611433741,32,34.8791,-76.9013,283.15,6.69
480,ostersund,90,SE,1611433742,92,63.1792,14.6357,264.15,2.06
481,channel-port aux basques,92,CA,1611433742,93,47.5702,-59.1367,270.65,10.57
482,mustafakemalpasa,75,TR,1611433743,62,40.0353,28.4117,286.15,4.12
483,hamada,100,JP,1611433456,44,34.8833,132.0833,280.93,8.78
484,nerchinskiy zavod,100,RU,1611433744,92,51.3088,119.61,256.15,0.69
485,boyolangu,100,ID,1611433744,80,-8.1181,111.8935,297.78,0.8
486,diu,0,IN,1611433744,72,20.7141,70.9822,292.44,3.18
487,namatanai,89,PG,1611433744,77,-3.6667,152.4333,299.38,2.18
488,tamworth,20,GB,1611433745,86,52.634,-1.6959,274.15,2.06
489,kangaatsiaq,71,GL,1611433746,83,68.3065,-53.4641,262.02,2.6
490,saint-georges,20,GD,1611433746,65,12.0564,-61.7485,302.15,6.17
491,pahrump,94,US,1611433747,41,36.2083,-115.9839,284.82,0.89
492,zhovti vody,90,UA,1611433747,93,48.3473,33.5003,280.15,5.0
493,eureka,0,US,1611433473,70,40.8021,-124.1637,283.71,3.13
494,pemangkat,100,ID,1611433747,88,1.1667,108.9667,298.18,3.47
495,brits,98,ZA,1611433747,33,-25.6347,27.7802,297.15,3.09
496,moss point,90,US,1611433748,52,30.4116,-88.5345,292.15,4.12
497,ampanihy,100,MG,1611433748,84,-24.7,44.75,298.09,2.79
498,zhoucheng,100,CN,1611433748,69,35.9122,116.3117,276.14,1.54
499,luanda,0,AO,1611433701,78,-8.8368,13.2343,299.15,2.57
500,shatin,0,AM,1611433748,56,39.8357,45.3019,261.42,0.74
501,kimberley,0,ZA,1611433749,73,-28.7323,24.7623,294.15,3.09
502,salalah,0,OM,1611433749,26,17.0151,54.0924,295.15,5.14
503,akyab,0,MM,1611433750,59,20.15,92.9,290.37,4.55
504,paka,80,MY,1611433750,94,4.6374,103.4368,296.15,0.51
505,ubinskoye,100,RU,1611433750,85,55.3068,79.6802,239.18,2.74
506,amazar,100,RU,1611433750,85,53.858,120.875,249.24,1.51
507,ranfurly,90,NZ,1611433751,89,-45.1333,170.1,284.82,4.56
508,dalvik,90,IS,1611433751,93,65.9702,-18.5286,272.15,9.26
509,coffs harbour,0,AU,1611433751,78,-30.3,153.1333,294.15,4.12
510,wamba,93,NG,1611433751,18,8.9333,8.6,298.3,1.9
511,atamanskaya,96,RU,1611433752,83,46.1773,39.6358,274.82,3.45
512,morant bay,20,JM,1611433752,70,17.8815,-76.4093,302.15,4.63
513,puerto maldonado,75,PE,1611433752,100,-12.6,-69.1833,296.15,3.09
514,kiruna,90,SE,1611433752,85,67.8557,20.2251,256.15,3.6
515,manaus,40,BR,1611433752,70,-3.1019,-60.025,304.15,3.09
516,andenes,20,NO,1611433753,68,69.3143,16.1194,267.15,5.66
517,guye,0,CN,1611433753,84,39.7333,118.4167,269.76,1.79
518,berlevag,100,NO,1611433753,95,70.8578,29.0864,268.01,13.52
519,san juan nepomuceno,100,CO,1611433753,38,9.9516,-75.082,306.49,0.65
520,dongli,75,CN,1611433754,88,23.5656,116.8194,289.15,3.0
521,vanavara,100,RU,1611433754,83,60.34,102.2797,236.89,0.57
522,atambua,100,ID,1611433480,87,-9.1061,124.8925,297.4,1.77
523,poykovskiy,7,RU,1611433755,65,61.2333,73.3333,227.15,2.0
524,pathein,0,MM,1611433456,70,16.7833,94.7333,291.78,2.69
525,jutai,95,BR,1611433755,92,-5.1833,-68.9,297.61,2.03
526,batman,0,TR,1611433756,86,37.8874,41.1322,271.15,0.59
527,araouane,0,ML,1611433756,17,18.9048,-3.5265,293.38,4.48
528,chauk,0,MM,1611433756,49,20.8833,94.8167,289.54,0.61
529,bataipora,93,BR,1611433756,81,-22.2953,-53.2711,300.31,1.44
530,verkhnyaya toyma,100,RU,1611433756,94,62.2349,44.9985,259.57,4.77
531,kalianget,100,ID,1611433757,80,-7.05,113.9333,299.39,2.07
532,lata,100,PT,1611433757,94,40.1629,-8.3327,287.04,0.89
533,nantucket,75,US,1611433757,47,41.2835,-70.0995,272.59,8.23
534,beidao,100,CN,1611433507,82,34.5686,105.8933,275.67,0.11
535,macenta,30,GN,1611433758,21,8.5435,-9.471,296.15,0.77
536,dire,100,ML,1611433758,16,12.2833,-10.9667,298.54,0.78
537,stokmarknes,35,NO,1611433758,62,68.5646,14.9108,267.04,2.24
538,tanda,0,IN,1611433759,71,26.55,82.65,285.85,2.32
539,pareora,100,NZ,1611433759,80,-44.4871,171.2132,288.71,1.34
540,vila,91,PT,1611433759,95,42.0304,-8.1588,282.59,6.85
541,san pedro,75,PH,1611433759,94,14.35,121.0167,299.15,0.69
542,baculin,100,PH,1611433760,79,7.4525,126.5842,297.96,2.18
543,mirnyy,48,RU,1611433760,76,62.5353,113.9611,228.48,2.1
544,osinki,100,RU,1611433760,100,52.8432,49.5132,273.92,3.62
545,kathmandu,20,NP,1611433753,100,27.7167,85.3167,280.15,1.03
546,ust-maya,100,RU,1611433761,77,60.4167,134.5333,230.12,1.13
547,camabatela,100,AO,1611433761,99,-8.1881,15.375,290.16,0.98
548,carson city,75,US,1611433761,75,39.1638,-119.7674,275.37,3.9
549,banikoara,100,BJ,1611433762,17,11.2985,2.4386,297.28,2.27
550,tete,100,MZ,1611433762,78,-16.1564,33.5867,298.51,1.51
551,hebi,100,CN,1611433262,67,35.8992,114.1925,276.02,0.53
552,sept-iles,100,CA,1611433762,73,50.2001,-66.3821,267.59,4.63
553,batagay-alyta,91,RU,1611433762,75,67.8006,130.4114,233.67,0.4
554,lazaro cardenas,100,MX,1611433763,60,17.9583,-102.2,301.79,3.32
555,honningsvag,100,NO,1611433763,93,70.9821,25.9704,268.01,14.58
556,bukama,94,CD,1611433763,91,-9.2,25.85,294.12,0.21
557,imbituba,75,BR,1611433763,88,-28.24,-48.6703,298.15,2.57
558,wajir,38,KE,1611433464,35,1.7471,40.0573,303.52,3.33
559,leningradskiy,93,RU,1611433764,85,69.3833,178.4167,248.61,1.36
560,palmer,0,US,1611433764,47,42.1584,-72.3287,269.26,0.45
